Time, GazeX, GazeY, GazeZ, CamX, CamY, CamZ
4/22/2019 3:24:00 PM,439.461,37.9076,581.9894,428.442,0.9144667,424.4276
4/22/2019 3:24:01 PM,439.7072,37.88009,581.9894,428.4421,0.9144624,424.4275
4/22/2019 3:24:01 PM,439.7072,37.88009,581.9894,428.4421,0.9144624,424.4275
4/22/2019 3:24:01 PM,439.7072,37.88009,581.9894,428.4421,0.9144624,424.4275
4/22/2019 3:24:01 PM,439.7072,37.88009,581.9894,428.4421,0.9144624,424.4275
