Time, GazeX, GazeY, GazeZ, CamX, CamY, CamZ
4/20/2019 5:31:26 PM,429.4012,1.753806,442.4999,429.4117,1.789802,440.9865
