Time, GazeX, GazeY, GazeZ, CamX, CamY, CamZ
4/20/2019 5:36:16 PM,432.0226,1.756103,445.9849,431.7685,1.802615,446.4023
